[
{
  "model": "admin.logentry",
  "pk": 1,
  "fields": {
    "action_time": "2026-04-01T21:32:27.266Z",
    "user": 1,
    "content_type": 7,
    "object_id": "2",
    "object_repr": "test@gmail.com",
    "action_flag": 1,
    "change_message": "[{\"added\": {}}]"
  }
},
{
  "model": "admin.logentry",
  "pk": 2,
  "fields": {
    "action_time": "2026-04-03T21:01:37.538Z",
    "user": 1,
    "content_type": 7,
    "object_id": "2",
    "object_repr": "test@gmail.com",
    "action_flag": 2,
    "change_message": "[{\"changed\": {\"fields\": [\"password\"]}}]"
  }
},
{
  "model": "auth.permission",
  "pk": 1,
  "fields": {
    "name": "Can add log entry",
    "content_type": 1,
    "codename": "add_logentry"
  }
},
{
  "model": "auth.permission",
  "pk": 2,
  "fields": {
    "name": "Can change log entry",
    "content_type": 1,
    "codename": "change_logentry"
  }
},
{
  "model": "auth.permission",
  "pk": 3,
  "fields": {
    "name": "Can delete log entry",
    "content_type": 1,
    "codename": "delete_logentry"
  }
},
{
  "model": "auth.permission",
  "pk": 4,
  "fields": {
    "name": "Can view log entry",
    "content_type": 1,
    "codename": "view_logentry"
  }
},
{
  "model": "auth.permission",
  "pk": 5,
  "fields": {
    "name": "Can add permission",
    "content_type": 3,
    "codename": "add_permission"
  }
},
{
  "model": "auth.permission",
  "pk": 6,
  "fields": {
    "name": "Can change permission",
    "content_type": 3,
    "codename": "change_permission"
  }
},
{
  "model": "auth.permission",
  "pk": 7,
  "fields": {
    "name": "Can delete permission",
    "content_type": 3,
    "codename": "delete_permission"
  }
},
{
  "model": "auth.permission",
  "pk": 8,
  "fields": {
    "name": "Can view permission",
    "content_type": 3,
    "codename": "view_permission"
  }
},
{
  "model": "auth.permission",
  "pk": 9,
  "fields": {
    "name": "Can add group",
    "content_type": 2,
    "codename": "add_group"
  }
},
{
  "model": "auth.permission",
  "pk": 10,
  "fields": {
    "name": "Can change group",
    "content_type": 2,
    "codename": "change_group"
  }
},
{
  "model": "auth.permission",
  "pk": 11,
  "fields": {
    "name": "Can delete group",
    "content_type": 2,
    "codename": "delete_group"
  }
},
{
  "model": "auth.permission",
  "pk": 12,
  "fields": {
    "name": "Can view group",
    "content_type": 2,
    "codename": "view_group"
  }
},
{
  "model": "auth.permission",
  "pk": 13,
  "fields": {
    "name": "Can add content type",
    "content_type": 4,
    "codename": "add_contenttype"
  }
},
{
  "model": "auth.permission",
  "pk": 14,
  "fields": {
    "name": "Can change content type",
    "content_type": 4,
    "codename": "change_contenttype"
  }
},
{
  "model": "auth.permission",
  "pk": 15,
  "fields": {
    "name": "Can delete content type",
    "content_type": 4,
    "codename": "delete_contenttype"
  }
},
{
  "model": "auth.permission",
  "pk": 16,
  "fields": {
    "name": "Can view content type",
    "content_type": 4,
    "codename": "view_contenttype"
  }
},
{
  "model": "auth.permission",
  "pk": 17,
  "fields": {
    "name": "Can add session",
    "content_type": 5,
    "codename": "add_session"
  }
},
{
  "model": "auth.permission",
  "pk": 18,
  "fields": {
    "name": "Can change session",
    "content_type": 5,
    "codename": "change_session"
  }
},
{
  "model": "auth.permission",
  "pk": 19,
  "fields": {
    "name": "Can delete session",
    "content_type": 5,
    "codename": "delete_session"
  }
},
{
  "model": "auth.permission",
  "pk": 20,
  "fields": {
    "name": "Can view session",
    "content_type": 5,
    "codename": "view_session"
  }
},
{
  "model": "auth.permission",
  "pk": 21,
  "fields": {
    "name": "Can add user",
    "content_type": 7,
    "codename": "add_user"
  }
},
{
  "model": "auth.permission",
  "pk": 22,
  "fields": {
    "name": "Can change user",
    "content_type": 7,
    "codename": "change_user"
  }
},
{
  "model": "auth.permission",
  "pk": 23,
  "fields": {
    "name": "Can delete user",
    "content_type": 7,
    "codename": "delete_user"
  }
},
{
  "model": "auth.permission",
  "pk": 24,
  "fields": {
    "name": "Can view user",
    "content_type": 7,
    "codename": "view_user"
  }
},
{
  "model": "auth.permission",
  "pk": 25,
  "fields": {
    "name": "Can add otp",
    "content_type": 6,
    "codename": "add_otp"
  }
},
{
  "model": "auth.permission",
  "pk": 26,
  "fields": {
    "name": "Can change otp",
    "content_type": 6,
    "codename": "change_otp"
  }
},
{
  "model": "auth.permission",
  "pk": 27,
  "fields": {
    "name": "Can delete otp",
    "content_type": 6,
    "codename": "delete_otp"
  }
},
{
  "model": "auth.permission",
  "pk": 28,
  "fields": {
    "name": "Can view otp",
    "content_type": 6,
    "codename": "view_otp"
  }
},
{
  "model": "auth.permission",
  "pk": 29,
  "fields": {
    "name": "Can add resume",
    "content_type": 8,
    "codename": "add_resume"
  }
},
{
  "model": "auth.permission",
  "pk": 30,
  "fields": {
    "name": "Can change resume",
    "content_type": 8,
    "codename": "change_resume"
  }
},
{
  "model": "auth.permission",
  "pk": 31,
  "fields": {
    "name": "Can delete resume",
    "content_type": 8,
    "codename": "delete_resume"
  }
},
{
  "model": "auth.permission",
  "pk": 32,
  "fields": {
    "name": "Can view resume",
    "content_type": 8,
    "codename": "view_resume"
  }
},
{
  "model": "auth.permission",
  "pk": 33,
  "fields": {
    "name": "Can add Blacklisted Token",
    "content_type": 9,
    "codename": "add_blacklistedtoken"
  }
},
{
  "model": "auth.permission",
  "pk": 34,
  "fields": {
    "name": "Can change Blacklisted Token",
    "content_type": 9,
    "codename": "change_blacklistedtoken"
  }
},
{
  "model": "auth.permission",
  "pk": 35,
  "fields": {
    "name": "Can delete Blacklisted Token",
    "content_type": 9,
    "codename": "delete_blacklistedtoken"
  }
},
{
  "model": "auth.permission",
  "pk": 36,
  "fields": {
    "name": "Can view Blacklisted Token",
    "content_type": 9,
    "codename": "view_blacklistedtoken"
  }
},
{
  "model": "auth.permission",
  "pk": 37,
  "fields": {
    "name": "Can add Outstanding Token",
    "content_type": 10,
    "codename": "add_outstandingtoken"
  }
},
{
  "model": "auth.permission",
  "pk": 38,
  "fields": {
    "name": "Can change Outstanding Token",
    "content_type": 10,
    "codename": "change_outstandingtoken"
  }
},
{
  "model": "auth.permission",
  "pk": 39,
  "fields": {
    "name": "Can delete Outstanding Token",
    "content_type": 10,
    "codename": "delete_outstandingtoken"
  }
},
{
  "model": "auth.permission",
  "pk": 40,
  "fields": {
    "name": "Can view Outstanding Token",
    "content_type": 10,
    "codename": "view_outstandingtoken"
  }
},
{
  "model": "auth.permission",
  "pk": 41,
  "fields": {
    "name": "Can add site",
    "content_type": 11,
    "codename": "add_site"
  }
},
{
  "model": "auth.permission",
  "pk": 42,
  "fields": {
    "name": "Can change site",
    "content_type": 11,
    "codename": "change_site"
  }
},
{
  "model": "auth.permission",
  "pk": 43,
  "fields": {
    "name": "Can delete site",
    "content_type": 11,
    "codename": "delete_site"
  }
},
{
  "model": "auth.permission",
  "pk": 44,
  "fields": {
    "name": "Can view site",
    "content_type": 11,
    "codename": "view_site"
  }
},
{
  "model": "auth.permission",
  "pk": 45,
  "fields": {
    "name": "Can add email address",
    "content_type": 12,
    "codename": "add_emailaddress"
  }
},
{
  "model": "auth.permission",
  "pk": 46,
  "fields": {
    "name": "Can change email address",
    "content_type": 12,
    "codename": "change_emailaddress"
  }
},
{
  "model": "auth.permission",
  "pk": 47,
  "fields": {
    "name": "Can delete email address",
    "content_type": 12,
    "codename": "delete_emailaddress"
  }
},
{
  "model": "auth.permission",
  "pk": 48,
  "fields": {
    "name": "Can view email address",
    "content_type": 12,
    "codename": "view_emailaddress"
  }
},
{
  "model": "auth.permission",
  "pk": 49,
  "fields": {
    "name": "Can add email confirmation",
    "content_type": 13,
    "codename": "add_emailconfirmation"
  }
},
{
  "model": "auth.permission",
  "pk": 50,
  "fields": {
    "name": "Can change email confirmation",
    "content_type": 13,
    "codename": "change_emailconfirmation"
  }
},
{
  "model": "auth.permission",
  "pk": 51,
  "fields": {
    "name": "Can delete email confirmation",
    "content_type": 13,
    "codename": "delete_emailconfirmation"
  }
},
{
  "model": "auth.permission",
  "pk": 52,
  "fields": {
    "name": "Can view email confirmation",
    "content_type": 13,
    "codename": "view_emailconfirmation"
  }
},
{
  "model": "auth.permission",
  "pk": 53,
  "fields": {
    "name": "Can add social account",
    "content_type": 14,
    "codename": "add_socialaccount"
  }
},
{
  "model": "auth.permission",
  "pk": 54,
  "fields": {
    "name": "Can change social account",
    "content_type": 14,
    "codename": "change_socialaccount"
  }
},
{
  "model": "auth.permission",
  "pk": 55,
  "fields": {
    "name": "Can delete social account",
    "content_type": 14,
    "codename": "delete_socialaccount"
  }
},
{
  "model": "auth.permission",
  "pk": 56,
  "fields": {
    "name": "Can view social account",
    "content_type": 14,
    "codename": "view_socialaccount"
  }
},
{
  "model": "auth.permission",
  "pk": 57,
  "fields": {
    "name": "Can add social application",
    "content_type": 15,
    "codename": "add_socialapp"
  }
},
{
  "model": "auth.permission",
  "pk": 58,
  "fields": {
    "name": "Can change social application",
    "content_type": 15,
    "codename": "change_socialapp"
  }
},
{
  "model": "auth.permission",
  "pk": 59,
  "fields": {
    "name": "Can delete social application",
    "content_type": 15,
    "codename": "delete_socialapp"
  }
},
{
  "model": "auth.permission",
  "pk": 60,
  "fields": {
    "name": "Can view social application",
    "content_type": 15,
    "codename": "view_socialapp"
  }
},
{
  "model": "auth.permission",
  "pk": 61,
  "fields": {
    "name": "Can add social application token",
    "content_type": 16,
    "codename": "add_socialtoken"
  }
},
{
  "model": "auth.permission",
  "pk": 62,
  "fields": {
    "name": "Can change social application token",
    "content_type": 16,
    "codename": "change_socialtoken"
  }
},
{
  "model": "auth.permission",
  "pk": 63,
  "fields": {
    "name": "Can delete social application token",
    "content_type": 16,
    "codename": "delete_socialtoken"
  }
},
{
  "model": "auth.permission",
  "pk": 64,
  "fields": {
    "name": "Can view social application token",
    "content_type": 16,
    "codename": "view_socialtoken"
  }
},
{
  "model": "auth.permission",
  "pk": 65,
  "fields": {
    "name": "Can add Token",
    "content_type": 17,
    "codename": "add_token"
  }
},
{
  "model": "auth.permission",
  "pk": 66,
  "fields": {
    "name": "Can change Token",
    "content_type": 17,
    "codename": "change_token"
  }
},
{
  "model": "auth.permission",
  "pk": 67,
  "fields": {
    "name": "Can delete Token",
    "content_type": 17,
    "codename": "delete_token"
  }
},
{
  "model": "auth.permission",
  "pk": 68,
  "fields": {
    "name": "Can view Token",
    "content_type": 17,
    "codename": "view_token"
  }
},
{
  "model": "auth.permission",
  "pk": 69,
  "fields": {
    "name": "Can add Token",
    "content_type": 18,
    "codename": "add_tokenproxy"
  }
},
{
  "model": "auth.permission",
  "pk": 70,
  "fields": {
    "name": "Can change Token",
    "content_type": 18,
    "codename": "change_tokenproxy"
  }
},
{
  "model": "auth.permission",
  "pk": 71,
  "fields": {
    "name": "Can delete Token",
    "content_type": 18,
    "codename": "delete_tokenproxy"
  }
},
{
  "model": "auth.permission",
  "pk": 72,
  "fields": {
    "name": "Can view Token",
    "content_type": 18,
    "codename": "view_tokenproxy"
  }
},
{
  "model": "auth.permission",
  "pk": 73,
  "fields": {
    "name": "Can add resume template",
    "content_type": 19,
    "codename": "add_resumetemplate"
  }
},
{
  "model": "auth.permission",
  "pk": 74,
  "fields": {
    "name": "Can change resume template",
    "content_type": 19,
    "codename": "change_resumetemplate"
  }
},
{
  "model": "auth.permission",
  "pk": 75,
  "fields": {
    "name": "Can delete resume template",
    "content_type": 19,
    "codename": "delete_resumetemplate"
  }
},
{
  "model": "auth.permission",
  "pk": 76,
  "fields": {
    "name": "Can view resume template",
    "content_type": 19,
    "codename": "view_resumetemplate"
  }
},
{
  "model": "auth.permission",
  "pk": 77,
  "fields": {
    "name": "Can add resume template",
    "content_type": 20,
    "codename": "add_resumetemplate"
  }
},
{
  "model": "auth.permission",
  "pk": 78,
  "fields": {
    "name": "Can change resume template",
    "content_type": 20,
    "codename": "change_resumetemplate"
  }
},
{
  "model": "auth.permission",
  "pk": 79,
  "fields": {
    "name": "Can delete resume template",
    "content_type": 20,
    "codename": "delete_resumetemplate"
  }
},
{
  "model": "auth.permission",
  "pk": 80,
  "fields": {
    "name": "Can view resume template",
    "content_type": 20,
    "codename": "view_resumetemplate"
  }
},
{
  "model": "auth.permission",
  "pk": 81,
  "fields": {
    "name": "Can add resume analysis",
    "content_type": 21,
    "codename": "add_resumeanalysis"
  }
},
{
  "model": "auth.permission",
  "pk": 82,
  "fields": {
    "name": "Can change resume analysis",
    "content_type": 21,
    "codename": "change_resumeanalysis"
  }
},
{
  "model": "auth.permission",
  "pk": 83,
  "fields": {
    "name": "Can delete resume analysis",
    "content_type": 21,
    "codename": "delete_resumeanalysis"
  }
},
{
  "model": "auth.permission",
  "pk": 84,
  "fields": {
    "name": "Can view resume analysis",
    "content_type": 21,
    "codename": "view_resumeanalysis"
  }
},
{
  "model": "contenttypes.contenttype",
  "pk": 1,
  "fields": {
    "app_label": "admin",
    "model": "logentry"
  }
},
{
  "model": "contenttypes.contenttype",
  "pk": 2,
  "fields": {
    "app_label": "auth",
    "model": "group"
  }
},
{
  "model": "contenttypes.contenttype",
  "pk": 3,
  "fields": {
    "app_label": "auth",
    "model": "permission"
  }
},
{
  "model": "contenttypes.contenttype",
  "pk": 4,
  "fields": {
    "app_label": "contenttypes",
    "model": "contenttype"
  }
},
{
  "model": "contenttypes.contenttype",
  "pk": 5,
  "fields": {
    "app_label": "sessions",
    "model": "session"
  }
},
{
  "model": "contenttypes.contenttype",
  "pk": 6,
  "fields": {
    "app_label": "users",
    "model": "otp"
  }
},
{
  "model": "contenttypes.contenttype",
  "pk": 7,
  "fields": {
    "app_label": "users",
    "model": "user"
  }
},
{
  "model": "contenttypes.contenttype",
  "pk": 8,
  "fields": {
    "app_label": "resume",
    "model": "resume"
  }
},
{
  "model": "contenttypes.contenttype",
  "pk": 9,
  "fields": {
    "app_label": "token_blacklist",
    "model": "blacklistedtoken"
  }
},
{
  "model": "contenttypes.contenttype",
  "pk": 10,
  "fields": {
    "app_label": "token_blacklist",
    "model": "outstandingtoken"
  }
},
{
  "model": "contenttypes.contenttype",
  "pk": 11,
  "fields": {
    "app_label": "sites",
    "model": "site"
  }
},
{
  "model": "contenttypes.contenttype",
  "pk": 12,
  "fields": {
    "app_label": "account",
    "model": "emailaddress"
  }
},
{
  "model": "contenttypes.contenttype",
  "pk": 13,
  "fields": {
    "app_label": "account",
    "model": "emailconfirmation"
  }
},
{
  "model": "contenttypes.contenttype",
  "pk": 14,
  "fields": {
    "app_label": "socialaccount",
    "model": "socialaccount"
  }
},
{
  "model": "contenttypes.contenttype",
  "pk": 15,
  "fields": {
    "app_label": "socialaccount",
    "model": "socialapp"
  }
},
{
  "model": "contenttypes.contenttype",
  "pk": 16,
  "fields": {
    "app_label": "socialaccount",
    "model": "socialtoken"
  }
},
{
  "model": "contenttypes.contenttype",
  "pk": 17,
  "fields": {
    "app_label": "authtoken",
    "model": "token"
  }
},
{
  "model": "contenttypes.contenttype",
  "pk": 18,
  "fields": {
    "app_label": "authtoken",
    "model": "tokenproxy"
  }
},
{
  "model": "contenttypes.contenttype",
  "pk": 19,
  "fields": {
    "app_label": "resume",
    "model": "resumetemplate"
  }
},
{
  "model": "contenttypes.contenttype",
  "pk": 20,
  "fields": {
    "app_label": "templates",
    "model": "resumetemplate"
  }
},
{
  "model": "contenttypes.contenttype",
  "pk": 21,
  "fields": {
    "app_label": "resume_analyzer",
    "model": "resumeanalysis"
  }
},
{
  "model": "sessions.session",
  "pk": "4fmp5gphrycpy6yablek72wf28nd0hzg",
  "fields": {
    "session_data": ".eJxVjEsOwiAUAO_y1oaUP3Tp3jOQBw-kaiAp7cp4d9OkC93OTOYNAfethn3kNSwEM3C4_LKI6ZnbIeiB7d5Z6m1bl8iOhJ12sFun_Lqe7d-g4qgwQ7HOkvF2spPSKIp2Gska7ylK6wlF8QqlzFy5HCVyIkdGpFRQKDeRh88X1PU37g:1w836B:Y-gXgT5I-0Dl_0ijn0DwAwgiej6pcxUXJZJ3eb9562o",
    "expire_date": "2026-04-15T21:27:39.659Z"
  }
},
{
  "model": "sessions.session",
  "pk": "vqnz3iz1o83sweguazur9mt3g5b0ogzl",
  "fields": {
    "session_data": ".eJxVjEsOwiAUAO_y1oaUP3Tp3jOQBw-kaiAp7cp4d9OkC93OTOYNAfethn3kNSwEM3C4_LKI6ZnbIeiB7d5Z6m1bl8iOhJ12sFun_Lqe7d-g4qgwQ7HOkvF2spPSKIp2Gska7ylK6wlF8QqlzFy5HCVyIkdGpFRQKDeRh88X1PU37g:1w8le5:B4B3QKrGmkVJ3aEJiv7uzVu55BYbuNyVKNNEB03Cx14",
    "expire_date": "2026-04-17T21:01:37.582Z"
  }
},
{
  "model": "token_blacklist.outstandingtoken",
  "pk": 1,
  "fields": {
    "user": 2,
    "jti": "2b479db6ac7d4d3bb7028a5aaa742a48",
    "token": "eyJhbGciOiJIUzI1NiIsInR5cCI6IkpXVCJ9.eyJ0b2tlbl90eXBlIjoicmVmcmVzaCIsImV4cCI6MTc3NTk2NDU4NiwiaWF0IjoxNzc1MzU5Nzg2LCJqdGkiOiIyYjQ3OWRiNmFjN2Q0ZDNiYjcwMjhhNWFhYTc0MmE0OCIsInVzZXJfaWQiOiIyIn0.zI8PA_Fytvs_0m8ntt511DWyGUl5knsrtw-ATP4bUrY",
    "created_at": "2026-04-05T03:29:46.103Z",
    "expires_at": "2026-04-12T03:29:46Z"
  }
},
{
  "model": "token_blacklist.outstandingtoken",
  "pk": 2,
  "fields": {
    "user": 2,
    "jti": "7898344cd96e451690ddc93affb70fca",
    "token": "eyJhbGciOiJIUzI1NiIsInR5cCI6IkpXVCJ9.eyJ0b2tlbl90eXBlIjoicmVmcmVzaCIsImV4cCI6MTc3NTk2NTE4MCwiaWF0IjoxNzc1MzYwMzgwLCJqdGkiOiI3ODk4MzQ0Y2Q5NmU0NTE2OTBkZGM5M2FmZmI3MGZjYSIsInVzZXJfaWQiOiIyIn0.NJM9fNGZIv6nEAwfYfKGCFcjBUflqgNgoLM_LiV4zks",
    "created_at": "2026-04-05T03:39:40.867Z",
    "expires_at": "2026-04-12T03:39:40Z"
  }
},
{
  "model": "token_blacklist.outstandingtoken",
  "pk": 3,
  "fields": {
    "user": 2,
    "jti": "30d130ebe2a44bfca50a7fdadabe5191",
    "token": "eyJhbGciOiJIUzI1NiIsInR5cCI6IkpXVCJ9.eyJ0b2tlbl90eXBlIjoicmVmcmVzaCIsImV4cCI6MTc3NTk2Njk1MywiaWF0IjoxNzc1MzYyMTUzLCJqdGkiOiIzMGQxMzBlYmUyYTQ0YmZjYTUwYTdmZGFkYWJlNTE5MSIsInVzZXJfaWQiOiIyIn0.5AVpBTKbHUWtTynqsegN1T2MD9uhuP_7KiY23LbUw_s",
    "created_at": "2026-04-05T04:09:13.674Z",
    "expires_at": "2026-04-12T04:09:13Z"
  }
},
{
  "model": "token_blacklist.outstandingtoken",
  "pk": 4,
  "fields": {
    "user": 2,
    "jti": "0ea7eb92cc3f41fbb6a10a468e7167f9",
    "token": "eyJhbGciOiJIUzI1NiIsInR5cCI6IkpXVCJ9.eyJ0b2tlbl90eXBlIjoicmVmcmVzaCIsImV4cCI6MTc3NTk5NTk2NCwiaWF0IjoxNzc1MzkxMTY0LCJqdGkiOiIwZWE3ZWI5MmNjM2Y0MWZiYjZhMTBhNDY4ZTcxNjdmOSIsInVzZXJfaWQiOiIyIn0.pkaSeWQKy3rhVjLQ6xjWtkc9UZkEUm4GIOcz92yGVGk",
    "created_at": "2026-04-05T12:12:44.652Z",
    "expires_at": "2026-04-12T12:12:44Z"
  }
},
{
  "model": "token_blacklist.outstandingtoken",
  "pk": 5,
  "fields": {
    "user": 2,
    "jti": "6766c036e1914d779bf718dbc7151325",
    "token": "eyJhbGciOiJIUzI1NiIsInR5cCI6IkpXVCJ9.eyJ0b2tlbl90eXBlIjoicmVmcmVzaCIsImV4cCI6MTc3NTk5NzA1MywiaWF0IjoxNzc1MzkyMjUzLCJqdGkiOiI2NzY2YzAzNmUxOTE0ZDc3OWJmNzE4ZGJjNzE1MTMyNSIsInVzZXJfaWQiOiIyIn0.oPkZUI96o6r6Xy_LBA4TJZMO1U2iaX2Vwe3AenNJ7pA",
    "created_at": "2026-04-05T12:30:53.544Z",
    "expires_at": "2026-04-12T12:30:53Z"
  }
},
{
  "model": "token_blacklist.outstandingtoken",
  "pk": 6,
  "fields": {
    "user": 2,
    "jti": "4669f1a01d904243ad1b9589da4ef6a5",
    "token": "eyJhbGciOiJIUzI1NiIsInR5cCI6IkpXVCJ9.eyJ0b2tlbl90eXBlIjoicmVmcmVzaCIsImV4cCI6MTc3NTk5NzM4MywiaWF0IjoxNzc1MzkyNTgzLCJqdGkiOiI0NjY5ZjFhMDFkOTA0MjQzYWQxYjk1ODlkYTRlZjZhNSIsInVzZXJfaWQiOiIyIn0.lTfq-X1EDocBcUSvnzUf87GApvsi3wuYq8R1hFFhlVA",
    "created_at": "2026-04-05T12:36:23.987Z",
    "expires_at": "2026-04-12T12:36:23Z"
  }
},
{
  "model": "token_blacklist.outstandingtoken",
  "pk": 7,
  "fields": {
    "user": 2,
    "jti": "61d34a9013c4470abdf1f27ee2252fe2",
    "token": "eyJhbGciOiJIUzI1NiIsInR5cCI6IkpXVCJ9.eyJ0b2tlbl90eXBlIjoicmVmcmVzaCIsImV4cCI6MTc3NTk5ODI5OCwiaWF0IjoxNzc1MzkzNDk4LCJqdGkiOiI2MWQzNGE5MDEzYzQ0NzBhYmRmMWYyN2VlMjI1MmZlMiIsInVzZXJfaWQiOiIyIn0.Ca1QzEIkjU_-vgEBX3oTbpbpmmN19iFZ7-e2d955Afo",
    "created_at": "2026-04-05T12:51:38.578Z",
    "expires_at": "2026-04-12T12:51:38Z"
  }
},
{
  "model": "token_blacklist.outstandingtoken",
  "pk": 8,
  "fields": {
    "user": 2,
    "jti": "a0b3efb72b744a9bb6940706fa08ce55",
    "token": "eyJhbGciOiJIUzI1NiIsInR5cCI6IkpXVCJ9.eyJ0b2tlbl90eXBlIjoicmVmcmVzaCIsImV4cCI6MTc3NTk5ODY2OCwiaWF0IjoxNzc1MzkzODY4LCJqdGkiOiJhMGIzZWZiNzJiNzQ0YTliYjY5NDA3MDZmYTA4Y2U1NSIsInVzZXJfaWQiOiIyIn0.y7XDv1a2na-bg3Q2_8HcO6S6eyoH9S3dTo6NqOMOF1o",
    "created_at": "2026-04-05T12:57:48.634Z",
    "expires_at": "2026-04-12T12:57:48Z"
  }
},
{
  "model": "token_blacklist.outstandingtoken",
  "pk": 9,
  "fields": {
    "user": 2,
    "jti": "ba5d14652a5d407b8abb36bbb35f7dea",
    "token": "eyJhbGciOiJIUzI1NiIsInR5cCI6IkpXVCJ9.eyJ0b2tlbl90eXBlIjoicmVmcmVzaCIsImV4cCI6MTc3NTk5ODgyMiwiaWF0IjoxNzc1Mzk0MDIyLCJqdGkiOiJiYTVkMTQ2NTJhNWQ0MDdiOGFiYjM2YmJiMzVmN2RlYSIsInVzZXJfaWQiOiIyIn0.4PtwjyqG0DtLQRh5cV3mV1BkFD3IU1LaR-Po3WOMHBg",
    "created_at": "2026-04-05T13:00:22.513Z",
    "expires_at": "2026-04-12T13:00:22Z"
  }
},
{
  "model": "token_blacklist.outstandingtoken",
  "pk": 10,
  "fields": {
    "user": 2,
    "jti": "af024e4977d24fc4b01017ec1db64b34",
    "token": "eyJhbGciOiJIUzI1NiIsInR5cCI6IkpXVCJ9.eyJ0b2tlbl90eXBlIjoicmVmcmVzaCIsImV4cCI6MTc3NTk5OTUxMSwiaWF0IjoxNzc1Mzk0NzExLCJqdGkiOiJhZjAyNGU0OTc3ZDI0ZmM0YjAxMDE3ZWMxZGI2NGIzNCIsInVzZXJfaWQiOiIyIn0.o8-Kes-gl_k3sjkEWiLFKiiITLMikOFFWs2NBESUG6A",
    "created_at": "2026-04-05T13:11:51.151Z",
    "expires_at": "2026-04-12T13:11:51Z"
  }
},
{
  "model": "token_blacklist.outstandingtoken",
  "pk": 11,
  "fields": {
    "user": 2,
    "jti": "e2c37a28a08446f08f750175e81e31a3",
    "token": "eyJhbGciOiJIUzI1NiIsInR5cCI6IkpXVCJ9.eyJ0b2tlbl90eXBlIjoicmVmcmVzaCIsImV4cCI6MTc3NjAwMTE2NCwiaWF0IjoxNzc1Mzk2MzY0LCJqdGkiOiJlMmMzN2EyOGEwODQ0NmYwOGY3NTAxNzVlODFlMzFhMyIsInVzZXJfaWQiOiIyIn0.QlMCZhowV4y2yrwR9R-VQJPCB9fDFN2XrBg0iegMz4Q",
    "created_at": "2026-04-05T13:39:24.097Z",
    "expires_at": "2026-04-12T13:39:24Z"
  }
},
{
  "model": "token_blacklist.outstandingtoken",
  "pk": 12,
  "fields": {
    "user": 2,
    "jti": "6157b85185d7427f8350023b9633a1a1",
    "token": "eyJhbGciOiJIUzI1NiIsInR5cCI6IkpXVCJ9.eyJ0b2tlbl90eXBlIjoicmVmcmVzaCIsImV4cCI6MTc3NjAwMjAwMSwiaWF0IjoxNzc1Mzk3MjAxLCJqdGkiOiI2MTU3Yjg1MTg1ZDc0MjdmODM1MDAyM2I5NjMzYTFhMSIsInVzZXJfaWQiOiIyIn0.DzXb6k6uZljASABYxw1gU26kkBlxCn_g4e5wbz0_sx8",
    "created_at": "2026-04-05T13:53:21.083Z",
    "expires_at": "2026-04-12T13:53:21Z"
  }
},
{
  "model": "token_blacklist.outstandingtoken",
  "pk": 13,
  "fields": {
    "user": 2,
    "jti": "753c19aac29a4736a1a6f1e09ad6c274",
    "token": "eyJhbGciOiJIUzI1NiIsInR5cCI6IkpXVCJ9.eyJ0b2tlbl90eXBlIjoicmVmcmVzaCIsImV4cCI6MTc3NjAwMjIwNywiaWF0IjoxNzc1Mzk3NDA3LCJqdGkiOiI3NTNjMTlhYWMyOWE0NzM2YTFhNmYxZTA5YWQ2YzI3NCIsInVzZXJfaWQiOiIyIn0.e9XccwulNadWUz3WaCBpMIViIxcuwTWqAYibjz2I1Hc",
    "created_at": "2026-04-05T13:56:47.017Z",
    "expires_at": "2026-04-12T13:56:47Z"
  }
},
{
  "model": "token_blacklist.outstandingtoken",
  "pk": 14,
  "fields": {
    "user": 2,
    "jti": "960a57b2980646ba807185e7e900d594",
    "token": "eyJhbGciOiJIUzI1NiIsInR5cCI6IkpXVCJ9.eyJ0b2tlbl90eXBlIjoicmVmcmVzaCIsImV4cCI6MTc3Njc5MTE2MCwiaWF0IjoxNzc2MTg2MzYwLCJqdGkiOiI5NjBhNTdiMjk4MDY0NmJhODA3MTg1ZTdlOTAwZDU5NCIsInVzZXJfaWQiOiIyIn0.dtondWM5s5-olLwG2FPvQ8NTyVVxw4x-11o9f68KN_I",
    "created_at": "2026-04-14T17:06:00.346Z",
    "expires_at": "2026-04-21T17:06:00Z"
  }
},
{
  "model": "token_blacklist.outstandingtoken",
  "pk": 15,
  "fields": {
    "user": 2,
    "jti": "4b999ee25dc442668db2460a9b3f4264",
    "token": "eyJhbGciOiJIUzI1NiIsInR5cCI6IkpXVCJ9.eyJ0b2tlbl90eXBlIjoicmVmcmVzaCIsImV4cCI6MTc3Njc5MTU2MSwiaWF0IjoxNzc2MTg2NzYxLCJqdGkiOiI0Yjk5OWVlMjVkYzQ0MjY2OGRiMjQ2MGE5YjNmNDI2NCIsInVzZXJfaWQiOiIyIn0.8PsDbAKt7sUbFZmfP4t2CCUZ6p06aqN0iDhU1V31SYw",
    "created_at": "2026-04-14T17:12:41.633Z",
    "expires_at": "2026-04-21T17:12:41Z"
  }
},
{
  "model": "token_blacklist.outstandingtoken",
  "pk": 16,
  "fields": {
    "user": 2,
    "jti": "c910c41530a64f37b5591656d3f1adb2",
    "token": "eyJhbGciOiJIUzI1NiIsInR5cCI6IkpXVCJ9.eyJ0b2tlbl90eXBlIjoicmVmcmVzaCIsImV4cCI6MTc3Njc5MTc3MSwiaWF0IjoxNzc2MTg2OTcxLCJqdGkiOiJjOTEwYzQxNTMwYTY0ZjM3YjU1OTE2NTZkM2YxYWRiMiIsInVzZXJfaWQiOiIyIn0._l-s5VJCv62ZrMMJogryeD5Us3FBH4vafhBMgfMxwr8",
    "created_at": "2026-04-14T17:16:11.924Z",
    "expires_at": "2026-04-21T17:16:11Z"
  }
},
{
  "model": "token_blacklist.outstandingtoken",
  "pk": 17,
  "fields": {
    "user": 2,
    "jti": "85dce7c22faf49199bf9e0844113648b",
    "token": "eyJhbGciOiJIUzI1NiIsInR5cCI6IkpXVCJ9.eyJ0b2tlbl90eXBlIjoicmVmcmVzaCIsImV4cCI6MTc3Njc5MzEyNSwiaWF0IjoxNzc2MTg4MzI1LCJqdGkiOiI4NWRjZTdjMjJmYWY0OTE5OWJmOWUwODQ0MTEzNjQ4YiIsInVzZXJfaWQiOiIyIn0.Y_IuWAGWmg_epxlCsq2C93RSwfo1-SXUaufHLhRpWYU",
    "created_at": "2026-04-14T17:38:45.409Z",
    "expires_at": "2026-04-21T17:38:45Z"
  }
},
{
  "model": "token_blacklist.outstandingtoken",
  "pk": 18,
  "fields": {
    "user": 2,
    "jti": "dfd7964d07c14860ad28c8eb3dc20ee9",
    "token": "eyJhbGciOiJIUzI1NiIsInR5cCI6IkpXVCJ9.eyJ0b2tlbl90eXBlIjoicmVmcmVzaCIsImV4cCI6MTc3Njk4NDg3MCwiaWF0IjoxNzc2MzgwMDcwLCJqdGkiOiJkZmQ3OTY0ZDA3YzE0ODYwYWQyOGM4ZWIzZGMyMGVlOSIsInVzZXJfaWQiOiIyIn0.L-vS5N_wb4EuYMrbtzFlqXq95aTxECbfbWECpAdpJNs",
    "created_at": "2026-04-16T22:54:30.592Z",
    "expires_at": "2026-04-23T22:54:30Z"
  }
},
{
  "model": "token_blacklist.outstandingtoken",
  "pk": 19,
  "fields": {
    "user": 2,
    "jti": "c1806cc4dc75435ca472edd6a9410ddd",
    "token": "eyJhbGciOiJIUzI1NiIsInR5cCI6IkpXVCJ9.eyJ0b2tlbl90eXBlIjoicmVmcmVzaCIsImV4cCI6MTc3Njk4NTEwNiwiaWF0IjoxNzc2MzgwMzA2LCJqdGkiOiJjMTgwNmNjNGRjNzU0MzVjYTQ3MmVkZDZhOTQxMGRkZCIsInVzZXJfaWQiOiIyIn0.jEYjUfqR_Gq1wyMENc4k-N0AFS86h2suSe4RICAuelY",
    "created_at": "2026-04-16T22:58:26.677Z",
    "expires_at": "2026-04-23T22:58:26Z"
  }
},
{
  "model": "token_blacklist.outstandingtoken",
  "pk": 20,
  "fields": {
    "user": 2,
    "jti": "29b573b48a7b4aefaad0d85ab0d3afe6",
    "token": "eyJhbGciOiJIUzI1NiIsInR5cCI6IkpXVCJ9.eyJ0b2tlbl90eXBlIjoicmVmcmVzaCIsImV4cCI6MTc3Njk4NjYzOCwiaWF0IjoxNzc2MzgxODM4LCJqdGkiOiIyOWI1NzNiNDhhN2I0YWVmYWFkMGQ4NWFiMGQzYWZlNiIsInVzZXJfaWQiOiIyIn0.H3pWTrHeF8p6CvzG2dodiJeDPGNke4RgKLoTM1AxI5o",
    "created_at": "2026-04-16T23:23:58.157Z",
    "expires_at": "2026-04-23T23:23:58Z"
  }
},
{
  "model": "token_blacklist.outstandingtoken",
  "pk": 21,
  "fields": {
    "user": 2,
    "jti": "ea90482a413d412e82a8b66884bfb6ae",
    "token": "eyJhbGciOiJIUzI1NiIsInR5cCI6IkpXVCJ9.eyJ0b2tlbl90eXBlIjoicmVmcmVzaCIsImV4cCI6MTc3Njk4Njk5MiwiaWF0IjoxNzc2MzgyMTkyLCJqdGkiOiJlYTkwNDgyYTQxM2Q0MTJlODJhOGI2Njg4NGJmYjZhZSIsInVzZXJfaWQiOiIyIn0.mdavLchdLUfufSYJvLn7so-vT_ZWXALvA1OPeg9iZxs",
    "created_at": "2026-04-16T23:29:52.256Z",
    "expires_at": "2026-04-23T23:29:52Z"
  }
},
{
  "model": "token_blacklist.outstandingtoken",
  "pk": 22,
  "fields": {
    "user": 2,
    "jti": "46511044ffc543cb843d185aae5ffb30",
    "token": "eyJhbGciOiJIUzI1NiIsInR5cCI6IkpXVCJ9.eyJ0b2tlbl90eXBlIjoicmVmcmVzaCIsImV4cCI6MTc3NzAwMjY0NSwiaWF0IjoxNzc2Mzk3ODQ1LCJqdGkiOiI0NjUxMTA0NGZmYzU0M2NiODQzZDE4NWFhZTVmZmIzMCIsInVzZXJfaWQiOiIyIn0.gyZRwJxtK0Ltjo1H2HjtaDBT_2VvB83AQrJIISKVNUc",
    "created_at": "2026-04-17T03:50:45.428Z",
    "expires_at": "2026-04-24T03:50:45Z"
  }
},
{
  "model": "token_blacklist.outstandingtoken",
  "pk": 23,
  "fields": {
    "user": 2,
    "jti": "8bb1f8113c84412884e6848d5307724f",
    "token": "eyJhbGciOiJIUzI1NiIsInR5cCI6IkpXVCJ9.eyJ0b2tlbl90eXBlIjoicmVmcmVzaCIsImV4cCI6MTc3NzAwOTUxNiwiaWF0IjoxNzc2NDA0NzE2LCJqdGkiOiI4YmIxZjgxMTNjODQ0MTI4ODRlNjg0OGQ1MzA3NzI0ZiIsInVzZXJfaWQiOiIyIn0.AlfM3Vy5Cw1pSqthKmvxRL_7BL1-cM5yfzCr_fmOSnY",
    "created_at": "2026-04-17T05:45:16.437Z",
    "expires_at": "2026-04-24T05:45:16Z"
  }
},
{
  "model": "token_blacklist.outstandingtoken",
  "pk": 24,
  "fields": {
    "user": 2,
    "jti": "ebef639cb1734576a8be55a4834885ae",
    "token": "eyJhbGciOiJIUzI1NiIsInR5cCI6IkpXVCJ9.eyJ0b2tlbl90eXBlIjoicmVmcmVzaCIsImV4cCI6MTc3NzAxNDIzMywiaWF0IjoxNzc2NDA5NDMzLCJqdGkiOiJlYmVmNjM5Y2IxNzM0NTc2YThiZTU1YTQ4MzQ4ODVhZSIsInVzZXJfaWQiOiIyIn0.ZfzscVEZCeHj1NJfVdBgJ_V29kfuLrD2CKFuh8HF7v0",
    "created_at": "2026-04-17T07:03:53.349Z",
    "expires_at": "2026-04-24T07:03:53Z"
  }
},
{
  "model": "token_blacklist.outstandingtoken",
  "pk": 25,
  "fields": {
    "user": 2,
    "jti": "c9ca43549423413182ec04688b111805",
    "token": "eyJhbGciOiJIUzI1NiIsInR5cCI6IkpXVCJ9.eyJ0b2tlbl90eXBlIjoicmVmcmVzaCIsImV4cCI6MTc3NzAxNzkzMSwiaWF0IjoxNzc2NDEzMTMxLCJqdGkiOiJjOWNhNDM1NDk0MjM0MTMxODJlYzA0Njg4YjExMTgwNSIsInVzZXJfaWQiOiIyIn0.Ob_tCahILzX5Yj8_bwaHQXKLGTxoX-kMBH574G5bRQM",
    "created_at": "2026-04-17T08:05:31.005Z",
    "expires_at": "2026-04-24T08:05:31Z"
  }
},
{
  "model": "token_blacklist.outstandingtoken",
  "pk": 26,
  "fields": {
    "user": 3,
    "jti": "a1d0f3c3380b4e1caf34fb076da146a3",
    "token": "eyJhbGciOiJIUzI1NiIsInR5cCI6IkpXVCJ9.eyJ0b2tlbl90eXBlIjoicmVmcmVzaCIsImV4cCI6MTc3NzE1MjA3MywiaWF0IjoxNzc2NTQ3MjczLCJqdGkiOiJhMWQwZjNjMzM4MGI0ZTFjYWYzNGZiMDc2ZGExNDZhMyIsInVzZXJfaWQiOiIzIn0.6FQIUODkTxQeOlMgsUo1GZ8lK3UsJCUw8UslNo0f28I",
    "created_at": "2026-04-18T21:21:13.655Z",
    "expires_at": "2026-04-25T21:21:13Z"
  }
},
{
  "model": "token_blacklist.outstandingtoken",
  "pk": 27,
  "fields": {
    "user": 3,
    "jti": "5cd7751ba7fe4d2aa471f5debe8e8b41",
    "token": "eyJhbGciOiJIUzI1NiIsInR5cCI6IkpXVCJ9.eyJ0b2tlbl90eXBlIjoicmVmcmVzaCIsImV4cCI6MTc3NzE1MjEzMywiaWF0IjoxNzc2NTQ3MzMzLCJqdGkiOiI1Y2Q3NzUxYmE3ZmU0ZDJhYTQ3MWY1ZGViZThlOGI0MSIsInVzZXJfaWQiOiIzIn0.tWydJiPNR7t-mboBtyNkiPNYqskOj8HnDIVLWohbUps",
    "created_at": "2026-04-18T21:22:13.632Z",
    "expires_at": "2026-04-25T21:22:13Z"
  }
},
{
  "model": "token_blacklist.outstandingtoken",
  "pk": 28,
  "fields": {
    "user": 3,
    "jti": "d67934216a6e47948d5dd6390916f75e",
    "token": "eyJhbGciOiJIUzI1NiIsInR5cCI6IkpXVCJ9.eyJ0b2tlbl90eXBlIjoicmVmcmVzaCIsImV4cCI6MTc3NzE5MDg1MiwiaWF0IjoxNzc2NTg2MDUyLCJqdGkiOiJkNjc5MzQyMTZhNmU0Nzk0OGQ1ZGQ2MzkwOTE2Zjc1ZSIsInVzZXJfaWQiOiIzIn0.97lHxk8T-Ia-J2nduiDBTarFRje2pXyvv-pjddLbWOg",
    "created_at": "2026-04-19T08:07:32.228Z",
    "expires_at": "2026-04-26T08:07:32Z"
  }
},
{
  "model": "token_blacklist.outstandingtoken",
  "pk": 29,
  "fields": {
    "user": 2,
    "jti": "0d267b2f0bed45fbba2489e7ceb91fa1",
    "token": "eyJhbGciOiJIUzI1NiIsInR5cCI6IkpXVCJ9.eyJ0b2tlbl90eXBlIjoicmVmcmVzaCIsImV4cCI6MTc3NzU2NTEyMywiaWF0IjoxNzc2OTYwMzIzLCJqdGkiOiIwZDI2N2IyZjBiZWQ0NWZiYmEyNDg5ZTdjZWI5MWZhMSIsInVzZXJfaWQiOiIyIn0.o1gnUa45ZeRwEsFJ5BsP20iqZtc5Bmxv4c4k83V1HlA",
    "created_at": "2026-04-23T16:05:23.844Z",
    "expires_at": "2026-04-30T16:05:23Z"
  }
},
{
  "model": "token_blacklist.outstandingtoken",
  "pk": 30,
  "fields": {
    "user": 2,
    "jti": "5e103d99ebc54e2994b4befb9ef117e1",
    "token": "eyJhbGciOiJIUzI1NiIsInR5cCI6IkpXVCJ9.eyJ0b2tlbl90eXBlIjoicmVmcmVzaCIsImV4cCI6MTc3NzU2NTEzOCwiaWF0IjoxNzc2OTYwMzM4LCJqdGkiOiI1ZTEwM2Q5OWViYzU0ZTI5OTRiNGJlZmI5ZWYxMTdlMSIsInVzZXJfaWQiOiIyIn0.vMe_hvgz3ygSpwxOwmW71MOZM1A9ExatTBFQKdjp2Vc",
    "created_at": "2026-04-23T16:05:38.803Z",
    "expires_at": "2026-04-30T16:05:38Z"
  }
},
{
  "model": "token_blacklist.outstandingtoken",
  "pk": 31,
  "fields": {
    "user": 2,
    "jti": "2ef89b89b20849f6b605b31dd1bb8ee2",
    "token": "eyJhbGciOiJIUzI1NiIsInR5cCI6IkpXVCJ9.eyJ0b2tlbl90eXBlIjoicmVmcmVzaCIsImV4cCI6MTc3NzU3MDAwNiwiaWF0IjoxNzc2OTY1MjA2LCJqdGkiOiIyZWY4OWI4OWIyMDg0OWY2YjYwNWIzMWRkMWJiOGVlMiIsInVzZXJfaWQiOiIyIn0.Xk07HpI_lC6ELzymOMSOSUdjsjciUrpIJx9zBWu3st0",
    "created_at": "2026-04-23T17:26:46.665Z",
    "expires_at": "2026-04-30T17:26:46Z"
  }
},
{
  "model": "token_blacklist.outstandingtoken",
  "pk": 32,
  "fields": {
    "user": 2,
    "jti": "433899bdbebb474f9df6fd30ad641e4d",
    "token": "eyJhbGciOiJIUzI1NiIsInR5cCI6IkpXVCJ9.eyJ0b2tlbl90eXBlIjoicmVmcmVzaCIsImV4cCI6MTc3NzU3MDE0MSwiaWF0IjoxNzc2OTY1MzQxLCJqdGkiOiI0MzM4OTliZGJlYmI0NzRmOWRmNmZkMzBhZDY0MWU0ZCIsInVzZXJfaWQiOiIyIn0.oxZeI-bP0iuzRmk8DZL7UtLzymCGCyhYhpvtPnMPT8k",
    "created_at": "2026-04-23T17:29:01.790Z",
    "expires_at": "2026-04-30T17:29:01Z"
  }
},
{
  "model": "token_blacklist.outstandingtoken",
  "pk": 33,
  "fields": {
    "user": 2,
    "jti": "bd9e1187d50847fa8e229937052fd810",
    "token": "eyJhbGciOiJIUzI1NiIsInR5cCI6IkpXVCJ9.eyJ0b2tlbl90eXBlIjoicmVmcmVzaCIsImV4cCI6MTc3NzU3MDUzNSwiaWF0IjoxNzc2OTY1NzM1LCJqdGkiOiJiZDllMTE4N2Q1MDg0N2ZhOGUyMjk5MzcwNTJmZDgxMCIsInVzZXJfaWQiOiIyIn0.FDuvoNgN03fB3AtvzgnvU3Oazh6-N2cq8cD8WzFHYe0",
    "created_at": "2026-04-23T17:35:35.209Z",
    "expires_at": "2026-04-30T17:35:35Z"
  }
},
{
  "model": "users.user",
  "pk": 1,
  "fields": {
    "password": "pbkdf2_sha256$1200000$lfBHeuTsm0R6HAoe42Kc8C$TZumYBkaJOd25trVxgQB57aPV74BfXawIsFt+exZA3A=",
    "last_login": "2026-04-03T19:51:27.945Z",
    "is_superuser": true,
    "username": "vikash",
    "first_name": "",
    "last_name": "",
    "is_staff": true,
    "is_active": true,
    "date_joined": "2026-04-01T21:26:58.764Z",
    "email": "vkchaurasiyatrade@gmail.com",
    "name": "vikash",
    "avatar_url": null,
    "is_verified": false,
    "groups": [],
    "user_permissions": []
  }
},
{
  "model": "users.user",
  "pk": 2,
  "fields": {
    "password": "pbkdf2_sha256$1200000$m8a1PqbEkdX9GGt47tsVd8$N8g6QEzl51JNiRqRQ+EV4kvUujpKfp0CNCHvG9V3iIk=",
    "last_login": null,
    "is_superuser": false,
    "username": "",
    "first_name": "",
    "last_name": "",
    "is_staff": false,
    "is_active": true,
    "date_joined": "2026-04-01T21:32:26.820Z",
    "email": "test@gmail.com",
    "name": "",
    "avatar_url": null,
    "is_verified": false,
    "groups": [],
    "user_permissions": []
  }
},
{
  "model": "users.user",
  "pk": 3,
  "fields": {
    "password": "pbkdf2_sha256$1200000$mqYi0RTiBi4x4vSHiYManj$RN2pH+6UBC/ehmjo1o5nxJaIhYPXCmcVgBOyZ94eB/Q=",
    "last_login": null,
    "is_superuser": false,
    "username": "test2@gmail.com",
    "first_name": "",
    "last_name": "",
    "is_staff": false,
    "is_active": true,
    "date_joined": "2026-04-18T21:21:13.145Z",
    "email": "test2@gmail.com",
    "name": "Test User",
    "avatar_url": null,
    "is_verified": false,
    "groups": [],
    "user_permissions": []
  }
},
{
  "model": "resume.resumetemplate",
  "pk": "276ce552-d04f-4dc7-bc0f-94ebc48354d4",
  "fields": {
    "created_at": "2026-04-17T05:29:48.337Z",
    "updated_at": "2026-04-17T05:29:48.337Z",
    "name": "Vikash Flutter Professional",
    "preview_image": "",
    "html_structure": "<!DOCTYPE html>\n<html>\n<head>\n    <meta charset=\"UTF-8\" />\n    <style>\n        @page {\n            size: A4;\n            margin: 24px 30px;\n        }\n\n        body {\n            font-family: \"Times New Roman\", Times, serif;\n            color: #111;\n            line-height: 1.35;\n            font-size: 13px;\n        }\n\n        .header {\n            text-align: center;\n            margin-bottom: 12px;\n        }\n\n        .name {\n            margin: 0;\n            font-size: 34px;\n            line-height: 1;\n            letter-spacing: 1px;\n            text-transform: uppercase;\n            font-weight: 700;\n        }\n\n        .role {\n            margin: 4px 0 8px;\n            font-size: 18px;\n            line-height: 1;\n            font-weight: 600;\n        }\n\n        .contact-line {\n            margin: 0;\n            font-size: 12px;\n            line-height: 1.4;\n            word-break: break-word;\n        }\n\n        .contact-line a {\n            color: #111;\n            text-decoration: underline;\n        }\n\n        .section {\n            margin-top: 12px;\n        }\n\n        .section-title {\n            margin: 0;\n            font-size: 20px;\n            line-height: 1.1;\n            font-weight: 700;\n        }\n\n        .section-rule {\n            border: none;\n            border-top: 1px solid #555;\n            margin: 2px 0 6px;\n        }\n\n        .summary-text {\n            margin: 0;\n            text-align: justify;\n        }\n\n        .skill-list {\n            margin: 0;\n            padding-left: 18px;\n        }\n\n        .skill-list li {\n            margin: 1px 0;\n        }\n\n        .project-item {\n            margin-bottom: 10px;\n        }\n\n        .project-head {\n            display: table;\n            width: 100%;\n        }\n\n        .project-title-wrap,\n        .project-date {\n            display: table-cell;\n            vertical-align: top;\n        }\n\n        .project-title-wrap {\n            width: 72%;\n            padding-right: 10px;\n        }\n\n        .project-title {\n            font-weight: 700;\n        }\n\n        .project-stack {\n            font-style: italic;\n            color: #222;\n        }\n\n        .project-date {\n            width: 28%;\n            text-align: right;\n            font-weight: 700;\n        }\n\n        .project-bullets {\n            margin: 2px 0 0 18px;\n            padding: 0;\n            list-style: none;\n        }\n\n        .project-bullets li {\n            margin: 1px 0;\n            position: relative;\n            padding-left: 12px;\n            text-align: justify;\n        }\n\n        .project-bullets li:before {\n            content: \"-\";\n            position: absolute;\n            left: 0;\n        }\n\n        .project-description {\n            margin: 3px 0 0 18px;\n            text-align: justify;\n        }\n\n        .source-line {\n            margin: 2px 0 0 18px;\n        }\n\n        .source-line a {\n            color: #111;\n            text-decoration: underline;\n        }\n\n        .cert-list {\n            margin: 0;\n            padding-left: 18px;\n        }\n\n        .cert-list li {\n            margin: 2px 0;\n            text-align: justify;\n        }\n\n        .cert-title {\n            font-weight: 700;\n        }\n\n        .edu-item {\n            margin-bottom: 6px;\n        }\n\n        .edu-head {\n            display: table;\n            width: 100%;\n        }\n\n        .edu-degree,\n        .edu-year {\n            display: table-cell;\n            vertical-align: top;\n        }\n\n        .edu-degree {\n            width: 70%;\n            font-weight: 700;\n        }\n\n        .edu-year {\n            width: 30%;\n            text-align: right;\n            font-weight: 700;\n        }\n\n        .edu-subhead {\n            display: table;\n            width: 100%;\n            font-style: italic;\n            color: #222;\n        }\n\n        .edu-school,\n        .edu-location {\n            display: table-cell;\n            vertical-align: top;\n        }\n\n        .edu-school {\n            width: 70%;\n        }\n\n        .edu-location {\n            width: 30%;\n            text-align: right;\n        }\n    </style>\n</head>\n<body>\n    <div class=\"header\">\n        <h1 class=\"name\">{{ resume.personal_info.name }}</h1>\n        {% if resume.personal_info.role %}<p class=\"role\">{{ resume.personal_info.role }}</p>{% endif %}\n        <p class=\"contact-line\">\n            {% if resume.personal_info.phone %}<span>{{ resume.personal_info.phone }}</span>{% endif %}\n            {% if resume.personal_info.email %}<span> | <a href=\"mailto:{{ resume.personal_info.email }}\">{{ resume.personal_info.email }}</a></span>{% endif %}\n            {% if resume.personal_info.linkedin_url %}<span> | LinkedIn: <a href=\"{{ resume.personal_info.linkedin_url }}\">{{ resume.personal_info.linkedin|default:resume.personal_info.linkedin_url }}</a></span>{% endif %}\n            {% if resume.personal_info.github_url %}<span> | GitHub: <a href=\"{{ resume.personal_info.github_url }}\">{{ resume.personal_info.github|default:resume.personal_info.github_url }}</a></span>{% endif %}\n        </p>\n    </div>\n\n    {% if resume.has_summary %}\n        <div class=\"section\">\n            <h2 class=\"section-title\">Summary</h2>\n            <hr class=\"section-rule\" />\n            <p class=\"summary-text\">{{ resume.personal_info.summary }}</p>\n        </div>\n    {% endif %}\n\n    {% if resume.has_skills %}\n        <div class=\"section\">\n            <h2 class=\"section-title\">Skills</h2>\n            <hr class=\"section-rule\" />\n            <ul class=\"skill-list\">\n                {% if resume.skill_groups.programming_languages %}<li><strong>Programming Languages:</strong> {{ resume.skill_groups.programming_languages }}</li>{% endif %}\n                {% if resume.skill_groups.mobile_framework %}<li><strong>Mobile Framework:</strong> {{ resume.skill_groups.mobile_framework }}</li>{% endif %}\n                {% if resume.skill_groups.architecture %}<li><strong>State Management & Architecture:</strong> {{ resume.skill_groups.architecture }}</li>{% endif %}\n                {% if resume.skill_groups.ui_ux %}<li><strong>UI/UX & Frontend Capabilities:</strong> {{ resume.skill_groups.ui_ux }}</li>{% endif %}\n                {% if resume.skill_groups.tools %}<li><strong>Tools & Infrastructure:</strong> {{ resume.skill_groups.tools }}</li>{% endif %}\n                {% if resume.skills and not resume.skill_groups.programming_languages and not resume.skill_groups.mobile_framework and not resume.skill_groups.architecture and not resume.skill_groups.ui_ux and not resume.skill_groups.tools %}\n                    <li>{{ resume.skills|join:\", \" }}</li>\n                {% endif %}\n            </ul>\n        </div>\n    {% endif %}\n\n    {% if resume.has_projects %}\n        <div class=\"section\">\n            <h2 class=\"section-title\">Projects</h2>\n            <hr class=\"section-rule\" />\n            {% for project in resume.projects %}\n                <div class=\"project-item\">\n                    <div class=\"project-head\">\n                        <div class=\"project-title-wrap\">\n                            {% if project.title %}<span class=\"project-title\">{{ project.title }}</span>{% endif %}\n                            {% if project.stack %}<span> | </span><span class=\"project-stack\">{{ project.stack }}</span>{% endif %}\n                        </div>\n                        {% if project.date_range %}<div class=\"project-date\">{{ project.date_range }}</div>{% endif %}\n                    </div>\n\n                    {% if project.bullets %}\n                        <ul class=\"project-bullets\">\n                            {% for bullet in project.bullets %}\n                                <li>{{ bullet }}</li>\n                            {% endfor %}\n                        </ul>\n                    {% elif project.description %}\n                        <p class=\"project-description\">{{ project.description }}</p>\n                    {% endif %}\n\n                    {% if project.source_code %}\n                        <p class=\"source-line\">Source Code: <a href=\"{{ project.source_code }}\">{{ project.source_code }}</a></p>\n                    {% endif %}\n                </div>\n            {% endfor %}\n        </div>\n    {% endif %}\n\n    {% if resume.has_certifications %}\n        <div class=\"section\">\n            <h2 class=\"section-title\">Certifications & Achievements</h2>\n            <hr class=\"section-rule\" />\n            <ul class=\"cert-list\">\n                {% for cert in resume.certifications %}\n                    <li>\n                        <span class=\"cert-title\">{{ cert.title }}</span>\n                        {% if cert.description %}: {{ cert.description }}{% endif %}\n                    </li>\n                {% endfor %}\n            </ul>\n        </div>\n    {% endif %}\n\n    {% if resume.has_education %}\n        <div class=\"section\">\n            <h2 class=\"section-title\">Education</h2>\n            <hr class=\"section-rule\" />\n            {% for edu in resume.education %}\n                <div class=\"edu-item\">\n                    <div class=\"edu-head\">\n                        <div class=\"edu-degree\">{{ edu.degree }}</div>\n                        <div class=\"edu-year\">{{ edu.year }}</div>\n                    </div>\n                    {% if edu.institution or edu.location %}\n                        <div class=\"edu-subhead\">\n                            <div class=\"edu-school\">{{ edu.institution }}</div>\n                            <div class=\"edu-location\">{{ edu.location }}</div>\n                        </div>\n                    {% endif %}\n                </div>\n            {% endfor %}\n        </div>\n    {% endif %}\n</body>\n</html>\n",
    "is_active": true
  }
},
{
  "model": "resume.resumetemplate",
  "pk": "4b09c186-9c7a-44a0-a026-13331462ecd5",
  "fields": {
    "created_at": "2026-04-16T23:06:38.483Z",
    "updated_at": "2026-04-16T23:06:38.483Z",
    "name": "Modern",
    "preview_image": "",
    "html_structure": "{}",
    "is_active": true
  }
},
{
  "model": "resume.resumetemplate",
  "pk": "63fd5bc4-1861-4987-b68b-7fc72b6c7c6f",
  "fields": {
    "created_at": "2026-04-17T04:20:18.566Z",
    "updated_at": "2026-04-17T04:20:18.566Z",
    "name": "Professional Simple",
    "preview_image": "",
    "html_structure": "<!DOCTYPE html>\n<html>\n<head>\n    <meta charset=\"UTF-8\">\n    <style>\n        body {\n            font-family: Arial, sans-serif;\n            margin: 40px;\n            color: #222;\n        }\n\n        h1 {\n            font-size: 28px;\n            margin-bottom: 2px;\n        }\n\n        h2 {\n            font-size: 18px;\n            border-bottom: 1px solid #000;\n            margin-top: 20px;\n            padding-bottom: 4px;\n        }\n\n        .subheading {\n            font-size: 14px;\n            margin-bottom: 10px;\n        }\n\n        p {\n            margin: 4px 0;\n        }\n\n        .section {\n            margin-bottom: 12px;\n        }\n\n        .item {\n            margin-bottom: 8px;\n        }\n\n        .bold {\n            font-weight: bold;\n        }\n\n        ul {\n            padding-left: 18px;\n        }\n\n        .header {\n            margin-bottom: 10px;\n        }\n    </style>\n</head>\n\n<body>\n\n    <div class=\"header\">\n        <h1>{{ resume.personal_info.name }}</h1>\n        <p class=\"subheading\">{{ resume.personal_info.role }}</p>\n        <p>{{ resume.personal_info.phone }} | {{ resume.personal_info.email }} | {{ resume.personal_info.linkedin }} | {{ resume.personal_info.github }}</p>\n    </div>\n\n    <div class=\"section\">\n        <h2>Summary</h2>\n        <p>{{ resume.personal_info.summary }}</p>\n    </div>\n\n    <div class=\"section\">\n        <h2>Skills</h2>\n        <ul>\n            {% for skill in resume.skills %}\n                <li>{{ skill }}</li>\n            {% endfor %}\n        </ul>\n    </div>\n\n    <div class=\"section\">\n        <h2>Projects</h2>\n        {% for project in resume.projects %}\n            <div class=\"item\">\n                <p class=\"bold\">{{ project.title }}</p>\n                <p>{{ project.description }}</p>\n            </div>\n        {% endfor %}\n    </div>\n\n    <div class=\"section\">\n        <h2>Certifications & Achievements</h2>\n        <ul>\n            {% for certification in resume.certifications %}\n                <li>{{ certification }}</li>\n            {% endfor %}\n        </ul>\n    </div>\n\n    <div class=\"section\">\n        <h2>Education</h2>\n        {% for edu in resume.education %}\n            <div class=\"item\">\n                <p class=\"bold\">{{ edu.degree }}</p>\n                <p>{{ edu.institution }}{% if edu.year %} | {{ edu.year }}{% endif %}</p>\n            </div>\n        {% endfor %}\n    </div>\n\n</body>\n</html>\n",
    "is_active": true
  }
},
{
  "model": "resume.resumetemplate",
  "pk": "e0238683-c3ed-432d-8bb9-cda6ef9f11c6",
  "fields": {
    "created_at": "2026-04-16T23:06:38.483Z",
    "updated_at": "2026-04-16T23:06:38.483Z",
    "name": "Classic",
    "preview_image": "",
    "html_structure": "{}",
    "is_active": true
  }
},
{
  "model": "resume.resumetemplate",
  "pk": "e744a42a-c43d-4bc7-b1d5-19c748d752fd",
  "fields": {
    "created_at": "2026-04-16T23:06:38.483Z",
    "updated_at": "2026-04-16T23:06:38.483Z",
    "name": "Default",
    "preview_image": "",
    "html_structure": "{}",
    "is_active": true
  }
},
{
  "model": "resume.resumetemplate",
  "pk": "ffddfa94-3308-427c-8555-8286b633b99a",
  "fields": {
    "created_at": "2026-04-16T23:06:38.483Z",
    "updated_at": "2026-04-16T23:06:38.483Z",
    "name": "Minimal",
    "preview_image": "",
    "html_structure": "{}",
    "is_active": true
  }
},
{
  "model": "resume.resume",
  "pk": "0b0d812b-683f-41c0-b297-7550adcd1407",
  "fields": {
    "created_at": "2026-04-05T13:53:27.517Z",
    "updated_at": "2026-04-05T13:53:27.517Z",
    "user": 2,
    "title": "Untitled Resume",
    "template": "ffddfa94-3308-427c-8555-8286b633b99a",
    "data": {}
  }
},
{
  "model": "resume.resume",
  "pk": "0b7755a7-dbeb-45bc-9b54-327d2b62eeb5",
  "fields": {
    "created_at": "2026-04-05T13:52:32.265Z",
    "updated_at": "2026-04-05T13:52:32.266Z",
    "user": 2,
    "title": "Untitled Resume",
    "template": "e0238683-c3ed-432d-8bb9-cda6ef9f11c6",
    "data": {}
  }
},
{
  "model": "resume.resume",
  "pk": "143fae9a-0d26-4da4-9224-88cfed1d9ea6",
  "fields": {
    "created_at": "2026-04-17T07:05:04.144Z",
    "updated_at": "2026-04-17T07:05:04.144Z",
    "user": 2,
    "title": "Test@ Resume",
    "template": "276ce552-d04f-4dc7-bc0f-94ebc48354d4",
    "data": {
      "personal_info": {
        "name": "Vikash Chaurasiya",
        "role": "",
        "phone": "+91-8188801329",
        "email": "vikash_chaurasiya@yahoo.com",
        "linkedin": "https://linkedin.com/in/vikash-chaurasiya",
        "linkedin_url": "https://linkedin.com/in/vikash-chaurasiya",
        "github": "https://github.com/provikash",
        "github_url": "https://github.com/provikash",
        "summary": "Flutter Developer with strong experience in Dart, Flutter SDK, and scalable mobile architectures."
      },
      "skill_groups": {
        "programming_languages": "Dart, Java",
        "mobile_framework": "Flutter",
        "architecture": "Clean Architecture, MVVM",
        "ui_ux": "Responsive Design, Custom Widgets",
        "tools": "Git, Docker, Postman"
      },
      "projects": [
        {
          "title": "PrepMateAI",
          "stack": "",
          "date_range": "2026",
          "bullets": [],
          "source_code": "",
          "description": ""
        }
      ],
      "education": [
        {
          "degree": "B.Tech",
          "institution": "",
          "year": "2026",
          "location": ""
        }
      ],
      "certifications": [
        {
          "title": "AI Internship – Edunet",
          "description": ""
        }
      ],
      "experience": [],
      "skills": [
        "Dart",
        "Java",
        "Flutter",
        "Clean Architecture",
        "MVVM",
        "Git",
        "Docker",
        "Postman",
        "Responsive Design",
        "Custom Widgets"
      ]
    }
  }
},
{
  "model": "resume.resume",
  "pk": "1988ad65-2714-489e-affb-b4121e9d0a47",
  "fields": {
    "created_at": "2026-04-16T23:50:07.653Z",
    "updated_at": "2026-04-16T23:50:07.653Z",
    "user": 2,
    "title": "My Resume Updated",
    "template": "e0238683-c3ed-432d-8bb9-cda6ef9f11c6",
    "data": {
      "personal_info": {
        "name": "Vk",
        "email": "vk@email.com",
        "phone": "1234567890"
      },
      "education": [],
      "experience": [],
      "skills": [
        "Flutter",
        "Django"
      ],
      "projects": []
    }
  }
},
{
  "model": "resume.resume",
  "pk": "2ab785b4-6fc7-42d0-886f-ccd03c94e8d0",
  "fields": {
    "created_at": "2026-04-05T13:40:40.504Z",
    "updated_at": "2026-04-05T13:40:40.504Z",
    "user": 2,
    "title": "Untitled Resume",
    "template": "e0238683-c3ed-432d-8bb9-cda6ef9f11c6",
    "data": {}
  }
},
{
  "model": "resume.resume",
  "pk": "3096ea1f-238f-408b-924e-7ef7cfa09590",
  "fields": {
    "created_at": "2026-04-05T13:52:32.574Z",
    "updated_at": "2026-04-05T13:52:32.574Z",
    "user": 2,
    "title": "Untitled Resume",
    "template": "e0238683-c3ed-432d-8bb9-cda6ef9f11c6",
    "data": {}
  }
},
{
  "model": "resume.resume",
  "pk": "3936ce9e-9e9b-4732-a148-854ba03cb8c0",
  "fields": {
    "created_at": "2026-04-05T13:39:37.010Z",
    "updated_at": "2026-04-05T13:39:37.010Z",
    "user": 2,
    "title": "Untitled Resume",
    "template": "ffddfa94-3308-427c-8555-8286b633b99a",
    "data": {}
  }
},
{
  "model": "resume.resume",
  "pk": "3daa264c-b46d-45f0-9cf9-793a067deaf9",
  "fields": {
    "created_at": "2026-04-05T13:39:38.241Z",
    "updated_at": "2026-04-05T13:39:38.242Z",
    "user": 2,
    "title": "Untitled Resume",
    "template": "ffddfa94-3308-427c-8555-8286b633b99a",
    "data": {}
  }
},
{
  "model": "resume.resume",
  "pk": "567190b7-97ae-48ab-852e-c5fbce360de4",
  "fields": {
    "created_at": "2026-04-05T13:40:24.861Z",
    "updated_at": "2026-04-05T13:40:24.861Z",
    "user": 2,
    "title": "Untitled Resume",
    "template": "e0238683-c3ed-432d-8bb9-cda6ef9f11c6",
    "data": {}
  }
},
{
  "model": "resume.resume",
  "pk": "63551eeb-10cf-4ed5-b5a4-42774fca7367",
  "fields": {
    "created_at": "2026-04-17T07:09:36.462Z",
    "updated_at": "2026-04-17T07:09:36.462Z",
    "user": 2,
    "title": "Test Resume 4",
    "template": "276ce552-d04f-4dc7-bc0f-94ebc48354d4",
    "data": {
      "personal_info": {
        "name": "Vikash Chaurasiya",
        "role": "",
        "phone": "+91-8188801329",
        "email": "vikash_chaurasiya@yahoo.com",
        "linkedin": "https://linkedin.com/in/vikash-chaurasiya",
        "linkedin_url": "https://linkedin.com/in/vikash-chaurasiya",
        "github": "https://github.com/provikash",
        "github_url": "https://github.com/provikash",
        "summary": "Flutter Developer with strong expertise in Dart, Flutter SDK, and scalable mobile architectures. Experienced in building high-performance cross-platform applications using clean architecture and Riverpod. Passionate about integrating AI-powered features and delivering intuitive user experiences."
      },
      "skill_groups": {
        "programming_languages": "Dart, Java, Python",
        "mobile_framework": "Flutter",
        "architecture": "Clean Architecture, MVVM, Layered Architecture",
        "ui_ux": "Responsive Design, Custom Widgets, Neumorphism, Material UI",
        "tools": "Git, GitHub, Docker, Postman, Android Studio, VS Code"
      },
      "projects": [
        {
          "title": "PrepMateAI - AI Career Platform",
          "stack": "",
          "date_range": "Feb 2026 – Present",
          "bullets": [],
          "source_code": "https://github.com/provikash/prepMateAi",
          "description": ""
        },
        {
          "title": "Vibely - Real-Time Chat Application",
          "stack": "",
          "date_range": "Feb 2025 – Mar 2025",
          "bullets": [],
          "source_code": "",
          "description": ""
        },
        {
          "title": "TaskFlow - Productivity App",
          "stack": "",
          "date_range": "2024",
          "bullets": [],
          "source_code": "",
          "description": ""
        }
      ],
      "education": [
        {
          "degree": "Bachelor of Technology (B.Tech)",
          "institution": "",
          "year": "Expected: 2026",
          "location": ""
        },
        {
          "degree": "Intermediate (Class XII)",
          "institution": "",
          "year": "2022",
          "location": ""
        },
        {
          "degree": "Matriculation (Class X)",
          "institution": "",
          "year": "2020",
          "location": ""
        }
      ],
      "certifications": [
        {
          "title": "AI Internship Certification – Edunet Foundation (AICTE & Shell)",
          "description": ""
        },
        {
          "title": "Google Developer Groups (GDG) Solution Challenge Participant",
          "description": ""
        },
        {
          "title": "AKTU AI Tech Confluence Participant",
          "description": ""
        },
        {
          "title": "Flutter Development Bootcamp Certification – Udemy",
          "description": ""
        }
      ],
      "skills": [
        "Dart",
        "Java",
        "Python",
        "Flutter",
        "Clean Architecture",
        "MVVM",
        "Layered Architecture",
        "Git",
        "GitHub",
        "Docker",
        "Postman",
        "Android Studio",
        "VS Code",
        "Responsive Design",
        "Custom Widgets",
        "Neumorphism",
        "Material UI"
      ],
      "experience": []
    }
  }
},
{
  "model": "resume.resume",
  "pk": "69ba3673-49cc-4704-bb18-27df890454ca",
  "fields": {
    "created_at": "2026-04-05T13:52:33.222Z",
    "updated_at": "2026-04-05T13:52:33.222Z",
    "user": 2,
    "title": "Untitled Resume",
    "template": "e0238683-c3ed-432d-8bb9-cda6ef9f11c6",
    "data": {}
  }
},
{
  "model": "resume.resume",
  "pk": "6fb7f3fa-38bf-4c94-8acb-58a81b4cc83a",
  "fields": {
    "created_at": "2026-04-05T13:40:46.022Z",
    "updated_at": "2026-04-05T13:40:46.022Z",
    "user": 2,
    "title": "Untitled Resume",
    "template": "ffddfa94-3308-427c-8555-8286b633b99a",
    "data": {}
  }
},
{
  "model": "resume.resume",
  "pk": "72922885-eb32-4292-ba51-67862dcbbcd3",
  "fields": {
    "created_at": "2026-04-16T23:32:35.699Z",
    "updated_at": "2026-04-16T23:41:40.507Z",
    "user": 2,
    "title": "My Resume Updated",
    "template": null,
    "data": {
      "personal_info": {
        "name": "Vk",
        "email": "vk@email.com",
        "phone": "1234567890"
      },
      "education": [],
      "experience": [],
      "skills": [
        "Flutter",
        "Django"
      ],
      "projects": []
    }
  }
},
{
  "model": "resume.resume",
  "pk": "7a02c47f-6aee-4a3b-ab18-1dfe387ad671",
  "fields": {
    "created_at": "2026-04-17T04:29:24.557Z",
    "updated_at": "2026-04-17T04:29:24.558Z",
    "user": 2,
    "title": "My Professional Resume",
    "template": "63fd5bc4-1861-4987-b68b-7fc72b6c7c6f",
    "data": {
      "personal_info": {
        "name": "V K",
        "email": "vk@example.com",
        "phone": "+91-9999999999",
        "role": "Flutter Developer",
        "linkedin": "linkedin.com/in/vk",
        "github": "github.com/vk",
        "summary": "Builds clean mobile apps and backend integrations."
      },
      "skills": [
        "Flutter",
        "Dart",
        "Django",
        "REST API"
      ],
      "projects": [
        {
          "title": "PrepMate AI",
          "description": "Resume builder and career assistant app."
        }
      ],
      "certifications": [
        "Google Flutter Certification"
      ],
      "education": [
        {
          "degree": "B.Tech CSE",
          "institution": "ABC University",
          "year": "2026"
        }
      ],
      "experience": []
    }
  }
},
{
  "model": "resume.resume",
  "pk": "855998c7-527d-4704-9142-ffe2f6ce4041",
  "fields": {
    "created_at": "2026-04-05T13:44:06.774Z",
    "updated_at": "2026-04-05T13:44:06.774Z",
    "user": 2,
    "title": "Untitled Resume",
    "template": "ffddfa94-3308-427c-8555-8286b633b99a",
    "data": {}
  }
},
{
  "model": "resume.resume",
  "pk": "8e3341d2-0c50-4a61-b65e-fd75f84c657b",
  "fields": {
    "created_at": "2026-04-05T13:43:32.194Z",
    "updated_at": "2026-04-05T13:43:32.194Z",
    "user": 2,
    "title": "Untitled Resume",
    "template": "ffddfa94-3308-427c-8555-8286b633b99a",
    "data": {}
  }
},
{
  "model": "resume.resume",
  "pk": "8eeed681-7776-4a69-bafd-43a10223784a",
  "fields": {
    "created_at": "2026-04-05T13:43:41.365Z",
    "updated_at": "2026-04-05T13:43:41.365Z",
    "user": 2,
    "title": "Untitled Resume",
    "template": "ffddfa94-3308-427c-8555-8286b633b99a",
    "data": {}
  }
},
{
  "model": "resume.resume",
  "pk": "972873a1-7f30-4971-a2b2-2b1a52357f96",
  "fields": {
    "created_at": "2026-04-05T13:44:22.975Z",
    "updated_at": "2026-04-05T13:44:22.975Z",
    "user": 2,
    "title": "Untitled Resume",
    "template": "ffddfa94-3308-427c-8555-8286b633b99a",
    "data": {}
  }
},
{
  "model": "resume.resume",
  "pk": "9f922923-f1b1-4b75-b1e5-b62ee54b04b9",
  "fields": {
    "created_at": "2026-04-17T07:30:03.917Z",
    "updated_at": "2026-04-17T07:30:03.917Z",
    "user": 2,
    "title": "Test Resume 6",
    "template": "276ce552-d04f-4dc7-bc0f-94ebc48354d4",
    "data": {
      "personal_info": {
        "name": "Vikash Chaurasiya",
        "role": "",
        "phone": "+91-8188801329",
        "email": "vikash_chaurasiya@yahoo.com",
        "linkedin": "https://linkedin.com/in/vikash-chaurasiya",
        "linkedin_url": "https://linkedin.com/in/vikash-chaurasiya",
        "github": "https://github.com/provikash",
        "github_url": "https://github.com/provikash",
        "summary": "Flutter Developer with strong expertise in Dart, Flutter SDK, and scalable mobile architectures. Experienced in building high-performance cross-platform applications using clean architecture and Riverpod. Passionate about integrating AI-powered features and delivering intuitive user experiences."
      },
      "skill_groups": {
        "programming_languages": "Dart, Java, Python",
        "mobile_framework": "Flutter",
        "architecture": "Clean Architecture, MVVM, Layered Architecture",
        "ui_ux": "Responsive Design, Custom Widgets, Neumorphism, Material UI",
        "tools": "Git, GitHub, Docker, Postman, Android Studio, VS Code"
      },
      "projects": [
        {
          "title": "PrepMateAI - AI Career Platform",
          "stack": "",
          "date_range": "Feb 2026 – Present",
          "bullets": [],
          "source_code": "https://github.com/provikash/prepMateAi",
          "description": ""
        },
        {
          "title": "Vibely - Real-Time Chat Application",
          "stack": "",
          "date_range": "Feb 2025 – Mar 2025",
          "bullets": [],
          "source_code": "",
          "description": ""
        },
        {
          "title": "TaskFlow - Productivity App",
          "stack": "",
          "date_range": "2024",
          "bullets": [],
          "source_code": "",
          "description": ""
        }
      ],
      "education": [
        {
          "degree": "Bachelor of Technology (B.Tech)",
          "institution": "",
          "year": "Expected: 2026",
          "location": ""
        },
        {
          "degree": "Intermediate (Class XII)",
          "institution": "",
          "year": "2022",
          "location": ""
        },
        {
          "degree": "Matriculation (Class X)",
          "institution": "",
          "year": "2020",
          "location": ""
        }
      ],
      "certifications": [
        {
          "title": "AI Internship Certification – Edunet Foundation (AICTE & Shell)",
          "description": ""
        },
        {
          "title": "Google Developer Groups (GDG) Solution Challenge Participant",
          "description": ""
        },
        {
          "title": "AKTU AI Tech Confluence Participant",
          "description": ""
        },
        {
          "title": "Flutter Development Bootcamp Certification – Udemy",
          "description": ""
        }
      ],
      "skills": [
        "Dart",
        "Java",
        "Python",
        "Flutter",
        "Clean Architecture",
        "MVVM",
        "Layered Architecture",
        "Git",
        "GitHub",
        "Docker",
        "Postman",
        "Android Studio",
        "VS Code",
        "Responsive Design",
        "Custom Widgets",
        "Neumorphism",
        "Material UI"
      ],
      "experience": []
    }
  }
},
{
  "model": "resume.resume",
  "pk": "a5e4c260-22df-476e-95b0-3ac455155b9b",
  "fields": {
    "created_at": "2026-04-17T06:26:51.516Z",
    "updated_at": "2026-04-17T06:26:51.516Z",
    "user": 2,
    "title": "Test Resume",
    "template": "276ce552-d04f-4dc7-bc0f-94ebc48354d4",
    "data": {
      "personal_info": {
        "name": "Vikash Chaurasiya",
        "role": "",
        "phone": "+91-8188801329",
        "email": "vikash_chaurasiya@yahoo.com",
        "linkedin": "https://linkedin.com/in/vikash-chaurasiya",
        "linkedin_url": "",
        "github": "https://github.com/provikash",
        "github_url": "",
        "summary": "Flutter Developer with strong experience in Dart, Flutter SDK, and scalable mobile architectures."
      },
      "skill_groups": {
        "programming_languages": [
          "Dart",
          "Java"
        ],
        "mobile_framework": [
          "Flutter"
        ],
        "architecture": [
          "Clean Architecture",
          "MVVM"
        ],
        "ui_ux": [
          "Responsive Design",
          "Custom Widgets"
        ],
        "tools": [
          "Git",
          "Docker",
          "Postman"
        ]
      },
      "projects": [
        {
          "title": "PrepMateAI",
          "stack": "",
          "date_range": "2026",
          "bullets": [],
          "source_code": "",
          "description": ""
        }
      ],
      "education": [
        {
          "degree": "B.Tech",
          "institution": "",
          "year": "2026",
          "location": ""
        }
      ],
      "certifications": [
        {
          "title": "AI Internship – Edunet",
          "description": ""
        }
      ],
      "experience": [],
      "skills": [
        "Dart",
        "Java",
        "Flutter",
        "Clean Architecture",
        "MVVM",
        "Git",
        "Docker",
        "Postman",
        "Responsive Design",
        "Custom Widgets"
      ]
    }
  }
},
{
  "model": "resume.resume",
  "pk": "a7a98dc1-7fc8-45d4-87a8-23f290da2336",
  "fields": {
    "created_at": "2026-04-05T13:39:28.321Z",
    "updated_at": "2026-04-05T13:39:28.321Z",
    "user": 2,
    "title": "Untitled Resume",
    "template": "e0238683-c3ed-432d-8bb9-cda6ef9f11c6",
    "data": {}
  }
},
{
  "model": "resume.resume",
  "pk": "bb2529f2-5131-49c2-a29a-59f1372f7737",
  "fields": {
    "created_at": "2026-04-05T13:53:25.438Z",
    "updated_at": "2026-04-05T13:53:25.438Z",
    "user": 2,
    "title": "Untitled Resume",
    "template": "e0238683-c3ed-432d-8bb9-cda6ef9f11c6",
    "data": {}
  }
},
{
  "model": "resume.resume",
  "pk": "c91d451a-cf83-4ca9-8e4f-c345d0610a9a",
  "fields": {
    "created_at": "2026-04-05T13:39:34.759Z",
    "updated_at": "2026-04-05T13:39:34.759Z",
    "user": 2,
    "title": "Untitled Resume",
    "template": "4b09c186-9c7a-44a0-a026-13331462ecd5",
    "data": {}
  }
},
{
  "model": "resume.resume",
  "pk": "cdfbb9d8-46fc-40b1-9c67-5eca2e229ec3",
  "fields": {
    "created_at": "2026-04-17T07:28:02.310Z",
    "updated_at": "2026-04-17T07:28:02.310Z",
    "user": 2,
    "title": "Test Resume 5",
    "template": "276ce552-d04f-4dc7-bc0f-94ebc48354d4",
    "data": {
      "personal_info": {
        "name": "Vikash Chaurasiya",
        "role": "",
        "phone": "+91-8188801329",
        "email": "vikash_chaurasiya@yahoo.com",
        "linkedin": "https://linkedin.com/in/vikash-chaurasiya",
        "linkedin_url": "https://linkedin.com/in/vikash-chaurasiya",
        "github": "https://github.com/provikash",
        "github_url": "https://github.com/provikash",
        "summary": "Flutter Developer with strong expertise in Dart, Flutter SDK, and scalable mobile architectures. Experienced in building high-performance cross-platform applications using clean architecture and Riverpod. Passionate about integrating AI-powered features and delivering intuitive user experiences."
      },
      "skill_groups": {
        "programming_languages": "Dart, Java, Python",
        "mobile_framework": "Flutter",
        "architecture": "Clean Architecture, MVVM, Layered Architecture",
        "ui_ux": "Responsive Design, Custom Widgets, Neumorphism, Material UI",
        "tools": "Git, GitHub, Docker, Postman, Android Studio, VS Code"
      },
      "projects": [
        {
          "title": "PrepMateAI - AI Career Platform",
          "stack": "",
          "date_range": "Feb 2026 – Present",
          "bullets": [],
          "source_code": "https://github.com/provikash/prepMateAi",
          "description": ""
        },
        {
          "title": "Vibely - Real-Time Chat Application",
          "stack": "",
          "date_range": "Feb 2025 – Mar 2025",
          "bullets": [],
          "source_code": "",
          "description": ""
        },
        {
          "title": "TaskFlow - Productivity App",
          "stack": "",
          "date_range": "2024",
          "bullets": [],
          "source_code": "",
          "description": ""
        }
      ],
      "education": [
        {
          "degree": "Bachelor of Technology (B.Tech)",
          "institution": "",
          "year": "Expected: 2026",
          "location": ""
        },
        {
          "degree": "Intermediate (Class XII)",
          "institution": "",
          "year": "2022",
          "location": ""
        },
        {
          "degree": "Matriculation (Class X)",
          "institution": "",
          "year": "2020",
          "location": ""
        }
      ],
      "certifications": [
        {
          "title": "AI Internship Certification – Edunet Foundation (AICTE & Shell)",
          "description": ""
        },
        {
          "title": "Google Developer Groups (GDG) Solution Challenge Participant",
          "description": ""
        },
        {
          "title": "AKTU AI Tech Confluence Participant",
          "description": ""
        },
        {
          "title": "Flutter Development Bootcamp Certification – Udemy",
          "description": ""
        }
      ],
      "skills": [
        "Dart",
        "Java",
        "Python",
        "Flutter",
        "Clean Architecture",
        "MVVM",
        "Layered Architecture",
        "Git",
        "GitHub",
        "Docker",
        "Postman",
        "Android Studio",
        "VS Code",
        "Responsive Design",
        "Custom Widgets",
        "Neumorphism",
        "Material UI"
      ],
      "experience": []
    }
  }
},
{
  "model": "resume.resume",
  "pk": "f10c4cc7-a695-4479-834c-b60e755fcf71",
  "fields": {
    "created_at": "2026-04-05T13:43:14.958Z",
    "updated_at": "2026-04-05T13:43:14.958Z",
    "user": 2,
    "title": "Untitled Resume",
    "template": "ffddfa94-3308-427c-8555-8286b633b99a",
    "data": {}
  }
},
{
  "model": "resume_analyzer.resumeanalysis",
  "pk": "8d460fdb-adbf-4f96-a593-070ef06a1585",
  "fields": {
    "user": 2,
    "resume": "9f922923-f1b1-4b75-b1e5-b62ee54b04b9",
    "uploaded_file": "",
    "job_role": "Flutter Developer",
    "ats_score": 66,
    "skill_score": 40,
    "analysis_data": {
      "missing_sections": [
        "experience"
      ],
      "missing_skills": {
        "core": [
          "widgets",
          "state management"
        ],
        "backend": [
          "rest api",
          "firebase",
          "authentication"
        ],
        "architecture": [
          "repository pattern"
        ]
      },
      "matched_skills": {
        "core": [
          "flutter",
          "dart"
        ],
        "backend": [],
        "architecture": [
          "clean architecture",
          "mvvm"
        ]
      },
      "format_issues": [
        "No bullet points detected; use bullets for achievements and responsibilities."
      ],
      "contact_issues": [],
      "keyword_analysis": {
        "matched_keywords": [
          "flutter",
          "dart",
          "android",
          "clean architecture",
          "widgets",
          "mvvm"
        ],
        "missing_keywords": [
          "ios",
          "firebase",
          "state management",
          "rest api",
          "authentication",
          "repository pattern"
        ],
        "match_percentage": 50
      },
      "suggestions": [
        "Rewrite summary with role-focused impact and measurable outcomes.",
        "Add missing role keywords naturally in experience and project bullets.",
        "Use action verbs and quantifiable achievements for each experience entry.",
        "Add missing technical skills required for the target role."
      ],
      "ats_breakdown": {
        "keyword_match": 50,
        "section_completeness": 75,
        "formatting": 80,
        "content_quality": 60,
        "contact_info": 100
      },
      "parsed_resume": {
        "personal_info": {
          "name": "Vikash Chaurasiya",
          "role": "",
          "phone": "+91-8188801329",
          "email": "vikash_chaurasiya@yahoo.com",
          "linkedin": "https://linkedin.com/in/vikash-chaurasiya",
          "linkedin_url": "https://linkedin.com/in/vikash-chaurasiya",
          "github": "https://github.com/provikash",
          "github_url": "https://github.com/provikash",
          "summary": "Flutter Developer with strong expertise in Dart, Flutter SDK, and scalable mobile architectures. Experienced in building high-performance cross-platform applications using clean architecture and Riverpod. Passionate about integrating AI-powered features and delivering intuitive user experiences."
        },
        "skill_groups": {
          "programming_languages": "Dart, Java, Python",
          "mobile_framework": "Flutter",
          "architecture": "Clean Architecture, MVVM, Layered Architecture",
          "ui_ux": "Responsive Design, Custom Widgets, Neumorphism, Material UI",
          "tools": "Git, GitHub, Docker, Postman, Android Studio, VS Code"
        },
        "projects": [
          {
            "title": "PrepMateAI - AI Career Platform",
            "stack": "",
            "date_range": "Feb 2026 – Present",
            "bullets": [],
            "source_code": "https://github.com/provikash/prepMateAi",
            "description": ""
          },
          {
            "title": "Vibely - Real-Time Chat Application",
            "stack": "",
            "date_range": "Feb 2025 – Mar 2025",
            "bullets": [],
            "source_code": "",
            "description": ""
          },
          {
            "title": "TaskFlow - Productivity App",
            "stack": "",
            "date_range": "2024",
            "bullets": [],
            "source_code": "",
            "description": ""
          }
        ],
        "education": [
          {
            "degree": "Bachelor of Technology (B.Tech)",
            "institution": "",
            "year": "Expected: 2026",
            "location": ""
          },
          {
            "degree": "Intermediate (Class XII)",
            "institution": "",
            "year": "2022",
            "location": ""
          },
          {
            "degree": "Matriculation (Class X)",
            "institution": "",
            "year": "2020",
            "location": ""
          }
        ],
        "certifications": [
          {
            "title": "AI Internship Certification – Edunet Foundation (AICTE & Shell)",
            "description": ""
          },
          {
            "title": "Google Developer Groups (GDG) Solution Challenge Participant",
            "description": ""
          },
          {
            "title": "AKTU AI Tech Confluence Participant",
            "description": ""
          },
          {
            "title": "Flutter Development Bootcamp Certification – Udemy",
            "description": ""
          }
        ],
        "skills": [
          "Dart",
          "Java",
          "Python",
          "Flutter",
          "Clean Architecture",
          "MVVM",
          "Layered Architecture",
          "Git",
          "GitHub",
          "Docker",
          "Postman",
          "Android Studio",
          "VS Code",
          "Responsive Design",
          "Custom Widgets",
          "Neumorphism",
          "Material UI"
        ],
        "experience": []
      }
    },
    "created_at": "2026-04-23T17:04:25.597Z"
  }
}
]
